"postMessage","5.64,20.98","1569","6041","2019-02-12 01:32:12.518551"
"getMessages","7.57,13.28","2439","37020","2019-02-12 01:32:12.577672"
"getMessages","20.63,25.75","907","15655","2019-02-12 01:32:12.637920"
"getMessages","17.39,14.60","6932","32689","2019-02-12 01:32:12.703407"
"postComment","3.96,5.54","5204","9096","2019-02-12 01:32:12.770972"
"getHot","26.44,13.84","1630","50833","2019-02-12 01:32:12.835359"
"postMessage","25.98,7.19","7123","87307","2019-02-12 01:32:12.910886"
"getMessages","12.17,31.49","7149","13395","2019-02-12 01:32:12.986708"
"getMessages","22.20,5.57","5080","12196","2019-02-12 01:32:13.056937"
"postComment","29.00,23.19","9071","32856","2019-02-12 01:32:13.121225"
"postComment","28.23,5.11","1020","82387","2019-02-12 01:32:13.186099"
"postComment","27.07,27.94","5983","33066","2019-02-12 01:32:13.262363"
"postMessage","18.33,30.63","3855","11582","2019-02-12 01:32:13.337316"
"getFeed","20.27,12.87","6533","61719","2019-02-12 01:32:13.412671"
"getComments","27.08,18.19","1363","79193","2019-02-12 01:32:13.487737"
"getComments","10.54,32.41","3340","59168","2019-02-12 01:32:13.562605"
"postMessage","6.57,13.22","1750","74691","2019-02-12 01:32:13.637860"
"getHot","22.63,6.42","3317","62953","2019-02-12 01:32:13.712977"
"getFeed","12.43,7.69","8327","55333","2019-02-12 01:32:13.788232"
"getComments","4.63,31.56","8","32323","2019-02-12 01:32:13.861457"
"postComment","21.91,21.30","864","83292","2019-02-12 01:32:13.936993"
"postComment","20.02,19.60","5813","90939","2019-02-12 01:32:14.014067"
"postComment","29.27,22.75","2578","6200","2019-02-12 01:32:14.089360"
"postMessage","2.29,12.99","5863","63107","2019-02-12 01:32:14.164092"
"getComments","21.91,8.91","3184","48781","2019-02-12 01:32:14.239222"
"getMessages","26.45,31.68","9395","98732","2019-02-12 01:32:14.313649"
"getMessages","29.16,18.37","8921","68827","2019-02-12 01:32:14.389181"
"getMessages","29.49,19.05","7606","72616","2019-02-12 01:32:14.463664"
"postMessage","6.92,26.35","4042","51552","2019-02-12 01:32:14.538937"
"postMessage","26.61,2.63","6638","34068","2019-02-12 01:32:14.616709"
"getMessages","7.58,32.73","5666","58129","2019-02-12 01:32:14.694078"
"getMessages","16.50,19.82","5829","15878","2019-02-12 01:32:14.770254"
"postMessage","5.74,23.74","7741","37222","2019-02-12 01:32:14.847917"
"postMessage","2.91,15.15","5196","91107","2019-02-12 01:32:14.923110"
"postComment","19.28,14.34","4996","29131","2019-02-12 01:32:14.998916"
"getFeed","31.17,10.08","7671","14884","2019-02-12 01:32:15.072983"
"getFeed","8.65,16.38","1734","37533","2019-02-12 01:32:15.147559"
"getMessages","22.04,23.59","7009","42541","2019-02-12 01:32:15.220476"
"postComment","31.10,24.18","2123","69101","2019-02-12 01:32:15.296773"
"getFeed","17.97,27.34","4684","6962","2019-02-12 01:32:15.373566"
"postMessage","28.76,15.93","3189","51168","2019-02-12 01:32:15.448065"
"getFeed","12.16,20.61","3920","48195","2019-02-12 01:32:15.518916"
"postMessage","9.70,29.65","6621","62753","2019-02-12 01:32:15.595410"
"getHot","27.53,28.54","7977","3343","2019-02-12 01:32:15.671131"
"getComments","23.65,1.66","171","54891","2019-02-12 01:32:15.748347"
"getHot","12.70,9.87","5950","28875","2019-02-12 01:32:15.820374"
"getMessages","10.98,31.79","381","80516","2019-02-12 01:32:15.894727"
"getMessages","14.09,16.92","7530","30264","2019-02-12 01:32:15.970779"
"getComments","15.30,25.95","271","58134","2019-02-12 01:32:16.047999"
"postComment","3.31,25.27","6964","3015","2019-02-12 01:32:16.118999"
"postMessage","29.94,7.04","5792","38221","2019-02-12 01:32:16.193895"
"getHot","28.28,27.50","6034","91536","2019-02-12 01:32:16.267432"
"getHot","16.64,7.79","7227","31098","2019-02-12 01:32:16.343173"
"getComments","22.31,4.12","9203","79744","2019-02-12 01:32:16.418662"
"postMessage","19.07,6.07","8293","1753","2019-02-12 01:32:16.493923"
"getComments","31.41,14.14","4046","20172","2019-02-12 01:32:16.569046"
"getMessages","23.26,26.95","7611","59076","2019-02-12 01:32:16.642406"
"postMessage","15.69,28.87","5666","24413","2019-02-12 01:32:16.718890"
"getComments","11.40,4.39","1105","82865","2019-02-12 01:32:16.793966"
"getMessages","31.18,12.51","3305","73409","2019-02-12 01:32:16.869151"
"getFeed","13.22,29.65","9629","1863","2019-02-12 01:32:16.944657"
"getMessages","25.43,32.97","1202","68119","2019-02-12 01:32:17.019172"
"getMessages","31.96,6.06","8546","60696","2019-02-12 01:32:17.096767"
"getMessages","28.83,8.16","376","69063","2019-02-12 01:32:17.168303"
"postMessage","30.57,10.62","1454","87475","2019-02-12 01:32:17.243767"
"postMessage","29.51,30.21","501","92698","2019-02-12 01:32:17.318893"
"getFeed","8.40,15.01","542","37969","2019-02-12 01:32:17.392726"
"getMessages","29.86,22.90","14","50216","2019-02-12 01:32:17.469444"
"postMessage","6.58,10.58","708","32318","2019-02-12 01:32:17.545198"
"getMessages","9.66,24.57","4363","50682","2019-02-12 01:32:17.619929"
"getHot","15.79,25.58","9281","61777","2019-02-12 01:32:17.694909"
"getMessages","2.71,27.67","1993","54164","2019-02-12 01:32:17.771391"
"getFeed","11.07,30.33","4344","4364","2019-02-12 01:32:17.845407"
"getHot","26.58,3.21","7175","54917","2019-02-12 01:32:17.921665"
"postMessage","1.93,6.98","5088","71008","2019-02-12 01:32:17.998602"
"getMessages","21.45,4.82","8739","86746","2019-02-12 01:32:18.069194"
"postMessage","22.18,24.48","768","5270","2019-02-12 01:32:18.143356"
"getMessages","13.36,21.42","1650","26911","2019-02-12 01:32:18.218961"
"postComment","20.09,6.18","678","20863","2019-02-12 01:32:18.295161"
"getMessages","24.32,7.89","9567","83362","2019-02-12 01:32:18.370490"
"getHot","32.40,4.82","2408","53655","2019-02-12 01:32:18.444836"
"getComments","24.94,25.65","8851","93846","2019-02-12 01:32:18.520014"
"getHot","24.09,1.59","1567","64964","2019-02-12 01:32:18.596186"
"postComment","11.23,21.67","8212","49877","2019-02-12 01:32:18.670189"
"getComments","12.77,7.25","2939","14506","2019-02-12 01:32:18.745487"
"postMessage","12.71,25.67","7613","79870","2019-02-12 01:32:18.820434"
"getMessages","7.77,20.37","5226","31735","2019-02-12 01:32:18.896661"
"getFeed","6.16,1.72","2523","3257","2019-02-12 01:32:18.972214"
"getMessages","12.15,24.43","8480","7930","2019-02-12 01:32:19.048277"
"getMessages","30.62,29.60","2822","36669","2019-02-12 01:32:19.116896"
"getMessages","6.00,23.30","2191","37503","2019-02-12 01:32:19.191558"
"postComment","10.93,24.49","8046","1371","2019-02-12 01:32:19.266927"
"getMessages","27.60,13.62","3553","45022","2019-02-12 01:32:19.342103"
"getMessages","24.69,7.35","5956","93495","2019-02-12 01:32:19.418302"
"getMessages","29.56,6.66","7104","74109","2019-02-12 01:32:19.493865"
"postMessage","28.16,16.94","9312","98622","2019-02-12 01:32:19.570279"
"getComments","2.59,24.55","3090","70207","2019-02-12 01:32:19.646453"
"getMessages","10.99,26.23","7497","26267","2019-02-12 01:32:19.721341"
"getMessages","15.98,25.07","5039","30068","2019-02-12 01:32:19.797589"
"getMessages","3.33,15.93","9334","10238","2019-02-12 01:32:19.873718"
"getComments","15.23,7.09","1569","23834","2019-02-12 01:32:19.949322"
"getMessages","1.25,31.44","7776","52867","2019-02-12 01:32:20.024868"
"postMessage","23.42,9.31","8001","32718","2019-02-12 01:32:20.100137"
"postMessage","17.32,24.28","1804","52884","2019-02-12 01:32:20.173969"
"postMessage","28.42,19.99","8","35725","2019-02-12 01:32:20.249986"
"getComments","15.00,23.53","28","6919","2019-02-12 01:32:20.326361"
"getMessages","1.80,18.84","4071","99592","2019-02-12 01:32:20.400797"
"postComment","26.71,24.70","2773","12642","2019-02-12 01:32:20.476742"
"postMessage","15.93,9.51","657","29534","2019-02-12 01:32:20.551183"
"postMessage","31.90,31.22","3428","44535","2019-02-12 01:32:20.626083"
"postComment","22.31,27.26","2399","5602","2019-02-12 01:32:20.702169"
"getMessages","28.97,29.84","157","21664","2019-02-12 01:32:20.776258"
"getMessages","3.67,18.52","2649","58209","2019-02-12 01:32:20.851212"
"getMessages","11.91,23.62","5859","63121","2019-02-12 01:32:20.925537"
"postMessage","9.68,4.47","3171","45518","2019-02-12 01:32:21.001561"
"getComments","4.24,10.45","9869","2228","2019-02-12 01:32:21.066641"
"getMessages","19.39,2.56","1335","14789","2019-02-12 01:32:21.140970"
"getHot","20.31,18.62","5237","85223","2019-02-12 01:32:21.214994"
"postMessage","30.47,26.75","1913","91257","2019-02-12 01:32:21.287624"
"postMessage","25.66,2.92","1772","78519","2019-02-12 01:32:21.363462"
"getMessages","19.22,10.03","6633","4039","2019-02-12 01:32:21.436991"
"getMessages","16.93,20.92","1489","89358","2019-02-12 01:32:21.512535"
"getFeed","32.06,28.96","375","10881","2019-02-12 01:32:21.590454"
"postComment","2.79,25.79","2712","91798","2019-02-12 01:32:21.664675"
"getMessages","32.95,5.60","1243","30957","2019-02-12 01:32:21.739586"
"getMessages","13.74,20.98","1766","42312","2019-02-12 01:32:21.813855"
"getMessages","13.67,22.08","584","73040","2019-02-12 01:32:21.888762"
"getMessages","21.50,14.34","1109","72994","2019-02-12 01:32:21.963559"
"getFeed","7.63,13.36","518","95131","2019-02-12 01:32:22.037973"
"getMessages","21.44,21.98","5100","79344","2019-02-12 01:32:22.113947"
"getFeed","30.45,10.73","1693","10093","2019-02-12 01:32:22.188876"
"getMessages","14.62,10.00","6909","68961","2019-02-12 01:32:22.263828"
"getMessages","28.31,25.72","5313","78373","2019-02-12 01:32:22.334744"
"getHot","15.36,6.11","1446","37972","2019-02-12 01:32:22.410389"
"getMessages","7.94,13.53","428","71420","2019-02-12 01:32:22.483931"
"getMessages","20.17,24.71","9797","54582","2019-02-12 01:32:22.559570"
"getFeed","4.47,24.13","325","9471","2019-02-12 01:32:22.636314"
"getMessages","32.21,28.31","7948","48525","2019-02-12 01:32:22.712303"
"getMessages","12.83,29.44","3248","54822","2019-02-12 01:32:22.787366"
"postMessage","12.01,6.32","3032","81850","2019-02-12 01:32:22.863778"
"getMessages","17.61,11.06","1423","75013","2019-02-12 01:32:22.939230"
"getFeed","12.17,11.26","6537","55175","2019-02-12 01:32:23.014158"
"postMessage","16.54,16.82","5157","23051","2019-02-12 01:32:23.085321"
"getMessages","24.41,30.13","3359","99933","2019-02-12 01:32:23.161619"
"postMessage","20.76,11.30","4154","61025","2019-02-12 01:32:23.236382"
"getMessages","19.76,1.91","2538","66040","2019-02-12 01:32:23.310915"
"getHot","24.99,3.68","2219","29866","2019-02-12 01:32:23.387416"
"postMessage","23.03,6.40","7321","35016","2019-02-12 01:32:23.463439"
"getMessages","30.53,23.00","7454","57871","2019-02-12 01:32:23.536636"
"postMessage","8.04,15.74","8299","88611","2019-02-12 01:32:23.612614"
"getMessages","4.59,20.10","2638","99789","2019-02-12 01:32:23.688437"
"getMessages","19.88,19.16","871","72045","2019-02-12 01:32:23.764103"
"getMessages","7.50,21.33","2368","10178","2019-02-12 01:32:23.839162"
"postMessage","22.49,21.94","7572","6293","2019-02-12 01:32:23.914265"
"getMessages","4.71,8.03","1769","18194","2019-02-12 01:32:23.989822"
"getMessages","30.68,23.22","8310","64993","2019-02-12 01:32:24.064735"
"getMessages","21.04,19.67","2083","52507","2019-02-12 01:32:24.140406"
"getComments","5.68,12.60","1634","17675","2019-02-12 01:32:24.214703"
"postMessage","19.85,20.56","7775","43135","2019-02-12 01:32:24.290050"
"postComment","13.37,15.60","9655","71722","2019-02-12 01:32:24.364815"
"getMessages","28.56,32.65","8805","84356","2019-02-12 01:32:24.439925"
"getMessages","14.51,15.95","686","51394","2019-02-12 01:32:24.511067"
"getComments","4.07,21.78","8043","65722","2019-02-12 01:32:24.587385"
"getMessages","22.37,7.46","1707","69685","2019-02-12 01:32:24.662483"
"postMessage","5.74,29.86","3957","12584","2019-02-12 01:32:24.734624"
"postMessage","24.86,29.78","1427","94181","2019-02-12 01:32:24.810393"
"postMessage","9.34,25.01","2210","80489","2019-02-12 01:32:24.885626"
"getMessages","13.31,23.44","1067","2219","2019-02-12 01:32:24.960294"
"getMessages","31.72,23.50","538","14157","2019-02-12 01:32:25.035953"
"postComment","2.08,31.08","9605","71877","2019-02-12 01:32:25.111081"
"getMessages","26.49,9.55","4082","78607","2019-02-12 01:32:25.186781"
"getHot","29.92,8.26","6157","90915","2019-02-12 01:32:25.262446"
"getFeed","6.73,16.04","186","24843","2019-02-12 01:32:25.338071"
"getMessages","30.60,7.32","6133","3842","2019-02-12 01:32:25.414104"
"postMessage","23.87,13.73","6493","19758","2019-02-12 01:32:25.489600"
"postComment","27.79,6.23","1845","9257","2019-02-12 01:32:25.565110"
"getMessages","5.28,8.09","1905","4621","2019-02-12 01:32:25.635790"
"postMessage","16.09,6.65","7979","15137","2019-02-12 01:32:25.710895"
"getMessages","25.39,6.47","1797","70229","2019-02-12 01:32:25.786974"
"getMessages","9.84,17.92","81","98317","2019-02-12 01:32:25.862663"
"getMessages","19.66,23.53","9321","82739","2019-02-12 01:32:25.937900"
"getMessages","29.25,1.95","2844","35094","2019-02-12 01:32:26.010935"
"getHot","13.05,12.41","750","90444","2019-02-12 01:32:26.082494"
"getComments","29.87,1.93","224","29413","2019-02-12 01:32:26.159093"
"getFeed","31.15,26.18","5619","7720","2019-02-12 01:32:26.232960"
"getMessages","30.08,6.23","1926","776","2019-02-12 01:32:26.308001"
"getComments","27.11,5.35","1816","96586","2019-02-12 01:32:26.383337"
"getFeed","14.82,10.36","9566","72082","2019-02-12 01:32:26.456991"
"getMessages","20.76,4.32","632","24354","2019-02-12 01:32:26.532651"
"getMessages","9.24,22.51","3057","96164","2019-02-12 01:32:26.607597"
"getHot","1.84,24.54","2661","33958","2019-02-12 01:32:26.682430"
"getHot","14.37,13.84","8444","80353","2019-02-12 01:32:26.756072"
"postComment","29.47,4.58","8102","29071","2019-02-12 01:32:26.832625"
"postMessage","19.62,21.72","3126","32706","2019-02-12 01:32:26.909355"
"getMessages","6.78,26.28","8790","74384","2019-02-12 01:32:26.984426"
"getHot","7.07,10.92","9740","28691","2019-02-12 01:32:27.058783"
"postComment","6.64,1.71","9626","4737","2019-02-12 01:32:27.132592"
"getMessages","7.55,7.09","9996","71958","2019-02-12 01:32:27.207857"
"getMessages","14.04,30.17","2183","90440","2019-02-12 01:32:27.283496"
"getMessages","11.36,31.78","4582","37474","2019-02-12 01:32:27.358973"
"getFeed","11.33,19.48","2301","28511","2019-02-12 01:32:27.434593"
"getMessages","23.14,1.41","2891","96783","2019-02-12 01:32:27.507313"
"postComment","7.30,3.46","983","77864","2019-02-12 01:32:27.582996"
"getMessages","8.39,21.22","1940","56698","2019-02-12 01:32:27.659372"
"getMessages","9.26,20.13","1981","89555","2019-02-12 01:32:27.734763"
"getMessages","30.33,28.88","5388","75916","2019-02-12 01:32:27.809385"
"getComments","29.43,22.05","7314","72644","2019-02-12 01:32:27.882677"
"postComment","5.84,14.58","4206","78333","2019-02-12 01:32:27.958385"
"getMessages","9.62,13.79","7003","8772","2019-02-12 01:32:28.035125"
"postMessage","27.48,11.56","18","454","2019-02-12 01:32:28.109352"
"getMessages","31.49,20.20","8195","92611","2019-02-12 01:32:28.183683"
"getMessages","6.01,18.26","2308","87184","2019-02-12 01:32:28.257793"
"getFeed","11.91,12.18","3872","67090","2019-02-12 01:32:28.333416"
"getComments","18.85,28.34","4667","62389","2019-02-12 01:32:28.409841"
"getFeed","20.33,13.25","6147","72304","2019-02-12 01:32:28.485045"
"getMessages","30.39,29.24","7234","34552","2019-02-12 01:32:28.559178"
"getFeed","4.70,16.22","3371","20700","2019-02-12 01:32:28.633493"
"postMessage","9.58,28.74","2183","35165","2019-02-12 01:32:28.708939"
"getMessages","18.38,9.18","5","92506","2019-02-12 01:32:28.783671"
"getMessages","24.43,29.21","783","54836","2019-02-12 01:32:28.859279"
"getComments","3.64,28.81","4436","85126","2019-02-12 01:32:28.935777"
"getHot","1.00,19.88","280","9144","2019-02-12 01:32:29.011577"
"getMessages","4.16,3.71","8342","18422","2019-02-12 01:32:29.085092"
"postMessage","27.00,15.97","2284","75044","2019-02-12 01:32:29.160067"
"getMessages","18.40,7.14","706","95467","2019-02-12 01:32:29.235532"
"getMessages","29.26,6.13","1762","56933","2019-02-12 01:32:29.307984"
"getMessages","4.04,17.45","7322","81123","2019-02-12 01:32:29.384458"
"postMessage","17.26,6.48","9220","19645","2019-02-12 01:32:29.459628"
"getMessages","3.46,17.40","43","42140","2019-02-12 01:32:29.535796"
"postMessage","13.49,25.32","5675","61839","2019-02-12 01:32:29.613839"
"getComments","30.35,15.49","6332","38659","2019-02-12 01:32:29.689573"
"getMessages","9.27,15.78","3216","6605","2019-02-12 01:32:29.763977"
"getFeed","20.16,9.59","1625","4044","2019-02-12 01:32:29.838543"
"postMessage","18.89,2.97","5394","28480","2019-02-12 01:32:29.913641"
"getHot","25.74,4.06","6236","10695","2019-02-12 01:32:29.989445"
"getFeed","31.40,31.25","52","8594","2019-02-12 01:32:30.064055"
"getMessages","7.58,20.85","4799","65843","2019-02-12 01:32:30.139228"
"getMessages","9.69,12.15","1937","31829","2019-02-12 01:32:30.213430"
"getComments","5.48,11.83","324","66427","2019-02-12 01:32:30.288476"
"getMessages","20.35,13.48","9210","33834","2019-02-12 01:32:30.363773"
"getMessages","20.41,5.67","8010","33507","2019-02-12 01:32:30.438536"
"getMessages","18.05,3.77","343","37050","2019-02-12 01:32:30.513818"
"postComment","16.31,2.70","7368","7673","2019-02-12 01:32:30.589791"
"postMessage","6.22,22.77","1604","90655","2019-02-12 01:32:30.664686"
"getMessages","1.82,24.47","1","41767","2019-02-12 01:32:30.735504"
"getMessages","4.34,28.59","3946","5240","2019-02-12 01:32:30.811587"
"getMessages","12.63,24.34","317","80061","2019-02-12 01:32:30.887661"
"getMessages","19.03,15.99","2488","98218","2019-02-12 01:32:30.963761"
"getComments","1.77,18.29","6591","3256","2019-02-12 01:32:31.039457"
"getFeed","2.65,21.02","5870","24768","2019-02-12 01:32:31.114317"
"getMessages","5.35,20.14","5661","49388","2019-02-12 01:32:31.188149"
"getMessages","7.62,22.15","6608","76135","2019-02-12 01:32:31.263851"
"postMessage","1.94,11.04","2493","35170","2019-02-12 01:32:31.338956"
"getMessages","9.58,13.13","2892","77365","2019-02-12 01:32:31.414583"
"postComment","28.97,12.44","3311","94885","2019-02-12 01:32:31.489541"
"postMessage","28.26,14.35","8419","63537","2019-02-12 01:32:31.564737"
"postMessage","12.64,6.15","8105","19950","2019-02-12 01:32:31.635849"
"getMessages","17.57,12.32","5438","86170","2019-02-12 01:32:31.711937"
"postComment","15.07,5.56","7273","23044","2019-02-12 01:32:31.785939"
"postMessage","18.64,28.45","2763","67369","2019-02-12 01:32:31.860815"
"getMessages","22.17,19.35","1676","92268","2019-02-12 01:32:31.937542"
"postMessage","32.15,4.70","5638","86241","2019-02-12 01:32:32.013456"
"getMessages","4.11,17.34","6962","19599","2019-02-12 01:32:32.088246"
"getMessages","29.10,22.28","7533","4060","2019-02-12 01:32:32.164073"
"postMessage","6.86,22.63","3852","77087","2019-02-12 01:32:32.240091"
"getMessages","11.09,16.28","5434","79118","2019-02-12 01:32:32.314850"
"getMessages","32.01,32.58","8284","68156","2019-02-12 01:32:32.390184"
"getMessages","5.12,8.11","7700","68732","2019-02-12 01:32:32.464017"
"postComment","16.84,16.47","5977","74450","2019-02-12 01:32:32.536056"
"getMessages","27.38,12.82","4837","72549","2019-02-12 01:32:32.611274"
"postMessage","32.53,30.54","3743","5208","2019-02-12 01:32:32.687881"
"getComments","7.82,30.93","5530","10545","2019-02-12 01:32:32.764313"
"getMessages","5.70,31.00","6354","77299","2019-02-12 01:32:32.840211"
"getMessages","22.53,8.93","5885","48722","2019-02-12 01:32:32.915831"
"getMessages","7.83,12.78","862","29729","2019-02-12 01:32:32.990825"
"postMessage","6.77,29.82","4154","15423","2019-02-12 01:32:33.065462"
"postMessage","15.99,27.86","2856","69566","2019-02-12 01:32:33.140664"
"postMessage","20.35,28.13","1638","63026","2019-02-12 01:32:33.215341"
"postMessage","15.60,13.46","5691","54620","2019-02-12 01:32:33.290839"
"postMessage","2.40,6.80","8732","50686","2019-02-12 01:32:33.365821"
"getMessages","4.93,11.86","1325","28923","2019-02-12 01:32:33.441533"
"getComments","24.70,4.15","1667","12092","2019-02-12 01:32:33.516477"
"getHot","22.32,13.77","4440","83705","2019-02-12 01:32:33.591706"
"getMessages","12.89,18.15","6821","95068","2019-02-12 01:32:33.666100"
"postMessage","22.11,17.88","802","19998","2019-02-12 01:32:33.742543"
"getComments","18.19,6.74","8105","93512","2019-02-12 01:32:33.818536"
"getHot","7.94,25.67","5591","73795","2019-02-12 01:32:33.895400"
"getHot","24.39,31.78","193","28795","2019-02-12 01:32:33.971142"
"getMessages","17.15,7.29","2048","69429","2019-02-12 01:32:34.047595"
"getComments","26.56,24.80","6948","18139","2019-02-12 01:32:34.123021"
"getMessages","5.99,1.21","207","59599","2019-02-12 01:32:34.198645"
"getMessages","29.45,2.60","377","34117","2019-02-12 01:32:34.271597"
"postComment","8.57,23.51","3631","91689","2019-02-12 01:32:34.345330"
"postComment","29.21,26.34","9582","69438","2019-02-12 01:32:34.420889"
"postMessage","13.93,21.99","125","28652","2019-02-12 01:32:34.496509"
"postMessage","3.63,3.70","4039","27588","2019-02-12 01:32:34.571250"
"getMessages","7.31,21.29","1184","309","2019-02-12 01:32:34.647505"
"getMessages","9.57,30.49","2100","45487","2019-02-12 01:32:34.723573"
"getMessages","13.33,18.51","6353","60444","2019-02-12 01:32:34.799832"
"getHot","30.91,21.74","2153","19918","2019-02-12 01:32:34.874910"
"getComments","31.20,8.63","800","15945","2019-02-12 01:32:34.950145"
"getMessages","13.52,27.02","7990","9483","2019-02-12 01:32:35.024657"
"getMessages","27.14,4.18","6119","29989","2019-02-12 01:32:35.099883"
"getFeed","2.96,4.00","4120","82098","2019-02-12 01:32:35.176312"
"getComments","5.10,2.86","7554","76649","2019-02-12 01:32:35.251621"
"getMessages","7.00,21.17","4431","82842","2019-02-12 01:32:35.325498"
"getMessages","23.81,14.78","8152","55691","2019-02-12 01:32:35.400096"
"getComments","25.57,2.52","3106","47571","2019-02-12 01:32:35.475380"
"getHot","20.93,15.44","6023","36579","2019-02-12 01:32:35.546141"
"getComments","13.78,22.10","7228","53079","2019-02-12 01:32:35.620722"
"postComment","24.17,32.69","1730","28957","2019-02-12 01:32:35.695732"
"getComments","16.34,12.77","2239","29846","2019-02-12 01:32:35.771462"
"getMessages","16.68,11.11","2885","46309","2019-02-12 01:32:35.846426"
"getMessages","16.28,18.45","824","74006","2019-02-12 01:32:35.918175"
"postMessage","4.83,15.91","6594","3219","2019-02-12 01:32:35.994093"
"getMessages","5.44,28.71","1220","58010","2019-02-12 01:32:36.068071"
"postComment","8.91,13.67","407","46824","2019-02-12 01:32:36.142422"
"getMessages","14.74,24.96","2173","55168","2019-02-12 01:32:36.215892"
"postComment","16.93,16.65","3077","46687","2019-02-12 01:32:36.291539"
"getMessages","16.86,8.61","8518","62336","2019-02-12 01:32:36.368091"
"postMessage","17.53,21.26","7065","44667","2019-02-12 01:32:36.443175"
"postComment","1.59,26.16","6582","82796","2019-02-12 01:32:36.517850"
"getFeed","22.56,17.36","41","13904","2019-02-12 01:32:36.591620"
"getHot","21.26,26.86","62","52680","2019-02-12 01:32:36.667301"
"getMessages","14.95,22.96","7911","60011","2019-02-12 01:32:36.744386"
"getMessages","3.99,6.26","1502","55472","2019-02-12 01:32:36.818610"
"getFeed","9.84,18.69","7288","7059","2019-02-12 01:32:36.893152"
"getFeed","32.86,31.14","8333","48551","2019-02-12 01:32:36.966779"
"postMessage","8.05,4.21","520","15235","2019-02-12 01:32:37.042899"
"postMessage","27.38,20.45","3251","66386","2019-02-12 01:32:37.113261"
"postComment","24.74,19.01","3622","49690","2019-02-12 01:32:37.188757"
"getMessages","7.70,10.57","3714","70394","2019-02-12 01:32:37.264031"
"getFeed","8.97,9.05","823","46081","2019-02-12 01:32:37.338716"
"getMessages","31.90,25.16","9633","52649","2019-02-12 01:32:37.413966"
"getMessages","22.39,13.10","4266","95125","2019-02-12 01:32:37.484726"
"getMessages","18.71,32.03","4424","57083","2019-02-12 01:32:37.559788"
"getComments","29.81,13.60","4520","92056","2019-02-12 01:32:37.633835"
"getMessages","3.35,11.77","4384","42616","2019-02-12 01:32:37.709086"
"getComments","22.60,4.31","1997","37361","2019-02-12 01:32:37.784497"
"postMessage","14.23,30.57","5560","82906","2019-02-12 01:32:37.859935"
"getMessages","4.22,6.34","2572","27852","2019-02-12 01:32:37.933983"
"getHot","2.40,11.60","8797","97213","2019-02-12 01:32:38.007964"
"getMessages","20.98,25.28","3626","76906","2019-02-12 01:32:38.083883"
"getMessages","9.97,25.15","8744","47662","2019-02-12 01:32:38.160423"
"postMessage","17.66,21.78","8038","60117","2019-02-12 01:32:38.232441"
"postMessage","11.07,19.44","9311","89045","2019-02-12 01:32:38.308326"
"getComments","18.31,21.84","7950","98781","2019-02-12 01:32:38.383031"
"getFeed","26.03,23.36","503","52746","2019-02-12 01:32:38.448420"
"getHot","31.46,3.47","1721","21787","2019-02-12 01:32:38.510439"
"getMessages","22.03,11.52","8012","37320","2019-02-12 01:32:38.580009"
"getHot","16.28,20.70","2473","30112","2019-02-12 01:32:38.655100"
"postMessage","27.63,12.22","8024","16942","2019-02-12 01:32:38.730408"
"getMessages","24.91,13.69","4977","43029","2019-02-12 01:32:38.800803"
"getMessages","13.04,30.00","5676","39272","2019-02-12 01:32:38.875338"
"getMessages","16.42,27.21","2585","77918","2019-02-12 01:32:38.951060"
"getMessages","11.26,8.23","923","39005","2019-02-12 01:32:39.026616"
"getMessages","12.64,6.58","8307","16080","2019-02-12 01:32:39.101782"
"getComments","31.15,16.08","8979","37648","2019-02-12 01:32:39.175171"
"getMessages","21.65,31.13","4810","62051","2019-02-12 01:32:39.250001"
"getMessages","1.11,18.63","4540","91702","2019-02-12 01:32:39.326378"
"postMessage","11.62,10.21","7979","33575","2019-02-12 01:32:39.402136"
"getFeed","11.14,6.36","6280","53507","2019-02-12 01:32:39.476823"
"getMessages","1.61,4.99","753","1915","2019-02-12 01:32:39.551452"
"getComments","31.96,25.60","7700","3915","2019-02-12 01:32:39.626388"
"postMessage","32.70,14.03","6226","71534","2019-02-12 01:32:39.702358"
"getMessages","15.12,12.56","9078","63566","2019-02-12 01:32:39.777244"
"getMessages","11.06,30.05","4957","58903","2019-02-12 01:32:39.850628"
"getMessages","26.84,5.05","6194","79127","2019-02-12 01:32:39.924232"
"getHot","28.15,12.03","3549","9436","2019-02-12 01:32:39.998795"
"getHot","13.72,19.70","4034","33400","2019-02-12 01:32:40.073620"
"postComment","19.44,14.67","3453","87215","2019-02-12 01:32:40.148153"
"getMessages","6.73,19.83","3538","62857","2019-02-12 01:32:40.221980"
"postComment","29.00,20.30","6431","34027","2019-02-12 01:32:40.297111"
"getComments","18.02,10.47","8964","79703","2019-02-12 01:32:40.372317"
"postComment","1.66,32.72","8797","39575","2019-02-12 01:32:40.447880"
"getMessages","30.75,8.09","7922","97745","2019-02-12 01:32:40.523225"
"getHot","6.28,22.74","5146","80021","2019-02-12 01:32:40.597810"
"getMessages","1.31,5.84","1077","74123","2019-02-12 01:32:40.672982"
"getMessages","16.68,32.41","1986","61502","2019-02-12 01:32:40.749379"
"getMessages","31.77,29.16","8347","41159","2019-02-12 01:32:40.823785"
"getHot","25.98,9.39","1465","31792","2019-02-12 01:32:40.898519"
"getComments","14.85,2.16","5017","61931","2019-02-12 01:32:40.973335"
"getMessages","4.44,2.77","6175","76517","2019-02-12 01:32:41.048237"
"getHot","20.62,21.90","1312","40334","2019-02-12 01:32:41.123560"
"getMessages","17.42,20.16","990","127","2019-02-12 01:32:41.198565"
"postMessage","28.07,11.02","5986","65798","2019-02-12 01:32:41.273855"
"postMessage","1.89,12.05","1593","32403","2019-02-12 01:32:41.346776"
"getMessages","3.49,7.28","7353","76615","2019-02-12 01:32:41.422514"
"getComments","32.15,15.81","5171","43791","2019-02-12 01:32:41.498054"
"getFeed","2.45,14.96","4757","92364","2019-02-12 01:32:41.573457"
"getFeed","16.28,27.47","9464","90979","2019-02-12 01:32:41.648599"
"getMessages","17.44,25.49","8183","64227","2019-02-12 01:32:41.723472"
"getComments","7.96,15.14","8935","58657","2019-02-12 01:32:41.798679"
"getMessages","27.02,7.72","3442","11957","2019-02-12 01:32:41.873901"
"postMessage","5.07,28.19","3644","28999","2019-02-12 01:32:41.949110"
"getMessages","29.55,31.89","3129","54800","2019-02-12 01:32:42.023504"
"postMessage","32.95,27.28","2838","97366","2019-02-12 01:32:42.098564"
"getHot","22.85,32.94","7025","9410","2019-02-12 01:32:42.175570"
"getFeed","31.40,24.14","7727","40093","2019-02-12 01:32:42.248958"
"postComment","20.45,25.73","4238","59822","2019-02-12 01:32:42.324215"
"getMessages","13.76,14.96","4651","11961","2019-02-12 01:32:42.399403"
"getComments","12.26,26.82","9009","24646","2019-02-12 01:32:42.474032"
"postMessage","5.03,25.73","8512","23334","2019-02-12 01:32:42.549151"
"postMessage","6.93,13.73","6990","46283","2019-02-12 01:32:42.624201"
"getFeed","21.45,31.02","9769","45914","2019-02-12 01:32:42.699075"
"getMessages","20.53,21.57","7912","96935","2019-02-12 01:32:42.774030"
"getComments","18.28,22.80","9758","6289","2019-02-12 01:32:42.848819"
"getMessages","9.73,27.15","1310","86838","2019-02-12 01:32:42.923948"
"getMessages","27.23,10.51","1673","43024","2019-02-12 01:32:42.998412"
"getMessages","30.59,24.64","1635","50636","2019-02-12 01:32:43.073754"
"getMessages","19.57,8.68","2825","42476","2019-02-12 01:32:43.144865"
"getHot","13.79,4.29","8794","87578","2019-02-12 01:32:43.218081"
"getFeed","20.52,32.38","9377","65218","2019-02-12 01:32:43.291937"
"postComment","29.01,9.10","2387","6511","2019-02-12 01:32:43.367014"
"getMessages","27.01,24.00","3711","143","2019-02-12 01:32:43.441420"
"postMessage","9.56,2.08","6355","10264","2019-02-12 01:32:43.516349"
"getMessages","13.97,16.99","3831","46841","2019-02-12 01:32:43.591221"
"getHot","28.40,17.69","3978","40169","2019-02-12 01:32:43.666273"
"getMessages","27.78,28.54","7937","8480","2019-02-12 01:32:43.741718"
"postMessage","3.47,31.81","8290","31633","2019-02-12 01:32:43.816656"
"postMessage","4.56,10.47","9126","34269","2019-02-12 01:32:43.891607"
"getMessages","1.78,6.06","9878","2690","2019-02-12 01:32:43.966486"
"postMessage","22.98,30.12","4992","55896","2019-02-12 01:32:44.041464"
"postComment","9.96,24.08","8137","70608","2019-02-12 01:32:44.116742"
"postMessage","12.01,12.91","2000","4416","2019-02-12 01:32:44.192055"
"postComment","32.34,1.48","6995","80098","2019-02-12 01:32:44.266693"
"getMessages","18.43,4.79","6212","96422","2019-02-12 01:32:44.342790"
"getMessages","28.87,21.06","9897","39067","2019-02-12 01:32:44.417100"
"getComments","27.29,27.95","3664","55139","2019-02-12 01:32:44.492048"
"postComment","31.91,26.61","6866","20448","2019-02-12 01:32:44.567020"
"getMessages","11.49,2.74","5224","42650","2019-02-12 01:32:44.641937"
"postComment","4.96,26.65","1609","36203","2019-02-12 01:32:44.717505"
"getMessages","3.84,10.59","6173","1842","2019-02-12 01:32:44.792146"
"getMessages","15.40,31.27","1530","76542","2019-02-12 01:32:44.867407"
"getFeed","5.94,1.94","2163","51299","2019-02-12 01:32:44.942169"
"getHot","14.96,20.36","9538","46843","2019-02-12 01:32:45.017301"
"getHot","14.21,32.78","5299","78742","2019-02-12 01:32:45.093148"
"getMessages","26.66,17.74","3355","96323","2019-02-12 01:32:45.166981"
"getHot","3.87,23.65","9802","92420","2019-02-12 01:32:45.243275"
"getHot","30.67,19.76","8071","5307","2019-02-12 01:32:45.314318"
"getMessages","8.27,8.52","8158","90779","2019-02-12 01:32:45.387217"
"getMessages","19.69,4.73","834","14725","2019-02-12 01:32:45.458499"
"getMessages","10.42,11.30","6904","66863","2019-02-12 01:32:45.534680"
"postMessage","16.52,26.37","6733","46464","2019-02-12 01:32:45.609689"
"getFeed","24.85,5.90","348","99605","2019-02-12 01:32:45.684418"
"getMessages","18.65,27.86","9158","73017","2019-02-12 01:32:45.759099"
"getFeed","3.44,27.38","4707","6339","2019-02-12 01:32:45.833969"
"getMessages","26.11,20.30","2315","25204","2019-02-12 01:32:45.910209"
"postMessage","23.26,12.58","9398","46281","2019-02-12 01:32:45.985097"
"getMessages","17.67,14.08","3970","43778","2019-02-12 01:32:46.059768"
"getMessages","5.47,7.60","6812","4464","2019-02-12 01:32:46.135808"
"getMessages","31.55,27.31","887","3656","2019-02-12 01:32:46.210414"
"getMessages","17.91,8.42","2805","51946","2019-02-12 01:32:46.285241"
"getMessages","4.60,20.57","3564","17042","2019-02-12 01:32:46.360505"
"getMessages","23.81,16.87","4043","90600","2019-02-12 01:32:46.435247"
"getMessages","10.20,3.07","9017","93051","2019-02-12 01:32:46.505912"
"getMessages","24.93,20.65","8664","25790","2019-02-12 01:32:46.581404"
"postComment","7.08,32.46","964","41219","2019-02-12 01:32:46.656086"
"getMessages","1.08,15.25","7565","43972","2019-02-12 01:32:46.724721"
"postMessage","25.00,15.35","4024","74946","2019-02-12 01:32:46.798953"
"postMessage","21.77,26.31","1113","20108","2019-02-12 01:32:46.873553"
"getFeed","15.03,25.37","2411","58429","2019-02-12 01:32:46.945204"
"getComments","22.43,27.30","6303","64067","2019-02-12 01:32:47.018312"
"getHot","4.52,25.85","1650","72586","2019-02-12 01:32:47.094214"
"postMessage","25.33,14.48","7192","36369","2019-02-12 01:32:47.167473"
"postMessage","8.50,30.62","4166","96259","2019-02-12 01:32:47.241277"
"postComment","10.63,7.37","7659","58537","2019-02-12 01:32:47.314153"
"postMessage","15.99,32.81","1821","57426","2019-02-12 01:32:47.387629"
"getMessages","27.94,3.61","3370","11884","2019-02-12 01:32:47.460884"
"getMessages","2.07,18.98","5863","80785","2019-02-12 01:32:47.535960"
"getFeed","21.38,23.77","2092","31298","2019-02-12 01:32:47.610474"
"getMessages","25.32,6.19","5998","98215","2019-02-12 01:32:47.684834"
"getFeed","20.40,2.33","3674","83430","2019-02-12 01:32:47.758517"
"getFeed","29.46,24.13","131","64368","2019-02-12 01:32:47.833263"
"getMessages","24.53,20.26","3894","82888","2019-02-12 01:32:47.907447"
"getHot","29.65,7.68","75","31343","2019-02-12 01:32:47.980495"
"postMessage","18.88,25.58","2112","75446","2019-02-12 01:32:48.056877"
"postMessage","14.33,26.40","9048","74725","2019-02-12 01:32:48.131935"
"postMessage","3.43,20.29","2342","10236","2019-02-12 01:32:48.206704"
"postComment","22.16,20.47","920","39107","2019-02-12 01:32:48.281323"
"postMessage","7.04,3.82","6961","97046","2019-02-12 01:32:48.356327"
"getHot","8.84,12.97","9781","68253","2019-02-12 01:32:48.431126"
"getMessages","1.67,29.67","997","53258","2019-02-12 01:32:48.506238"
"getMessages","15.70,18.48","1364","69897","2019-02-12 01:32:48.580258"
"getMessages","18.72,5.15","4938","96509","2019-02-12 01:32:48.652685"
"getMessages","23.61,3.48","1785","93682","2019-02-12 01:32:48.727977"
"postComment","2.18,18.74","7905","89174","2019-02-12 01:32:48.803387"
"postComment","4.21,5.26","5168","23737","2019-02-12 01:32:48.878299"
"getMessages","15.81,32.19","5994","92681","2019-02-12 01:32:48.949640"
"getComments","6.74,29.31","3081","14425","2019-02-12 01:32:49.024087"
"getMessages","2.77,20.83","1849","31645","2019-02-12 01:32:49.098815"
"getFeed","21.76,20.50","9163","43822","2019-02-12 01:32:49.173572"
"getFeed","6.19,31.25","6998","5570","2019-02-12 01:32:49.249022"
"getHot","13.77,21.99","6521","77094","2019-02-12 01:32:49.323704"
"postComment","3.21,21.44","1604","66620","2019-02-12 01:32:49.398802"
"postMessage","16.83,26.49","2835","97971","2019-02-12 01:32:49.471961"
"getMessages","32.11,3.46","5882","176","2019-02-12 01:32:49.546711"
"getHot","31.32,28.63","1746","92599","2019-02-12 01:32:49.617556"
"getMessages","21.41,6.95","8378","8176","2019-02-12 01:32:49.691822"
"getComments","1.81,26.36","5315","58197","2019-02-12 01:32:49.764513"
"getMessages","5.64,4.94","1858","83243","2019-02-12 01:32:49.839694"
"getMessages","13.72,6.12","9557","95942","2019-02-12 01:32:49.915306"
"getMessages","13.07,25.53","3853","36527","2019-02-12 01:32:49.990599"
"getMessages","10.17,9.79","2341","64574","2019-02-12 01:32:50.066111"
"getMessages","7.48,15.11","1289","27864","2019-02-12 01:32:50.140764"
"getMessages","23.72,6.65","499","29521","2019-02-12 01:32:50.216427"
"postMessage","6.55,2.71","7785","78132","2019-02-12 01:32:50.291612"
"getFeed","30.72,20.75","6968","36379","2019-02-12 01:32:50.366347"
"postMessage","32.35,19.32","9274","47797","2019-02-12 01:32:50.441537"
"getMessages","18.92,1.71","4521","86013","2019-02-12 01:32:50.515346"
"getMessages","20.29,20.64","7836","31062","2019-02-12 01:32:50.591779"
"getFeed","24.14,28.59","9236","42923","2019-02-12 01:32:50.666067"
"postComment","6.09,5.68","4191","29065","2019-02-12 01:32:50.741264"
"getHot","13.65,27.21","6200","35410","2019-02-12 01:32:50.816068"
"getMessages","7.01,8.68","9732","89070","2019-02-12 01:32:50.890957"
"getFeed","4.79,28.67","8626","70496","2019-02-12 01:32:50.967383"
"getMessages","11.54,23.52","8433","21274","2019-02-12 01:32:51.041127"
"getMessages","32.17,10.30","8159","30522","2019-02-12 01:32:51.116207"
"postComment","8.33,14.67","2159","52229","2019-02-12 01:32:51.191952"
"getMessages","21.53,15.66","7121","37666","2019-02-12 01:32:51.264856"
"postMessage","30.99,22.88","1133","57759","2019-02-12 01:32:51.339162"
"getMessages","7.66,24.43","1446","66450","2019-02-12 01:32:51.413617"
"postComment","19.89,11.19","2027","21990","2019-02-12 01:32:51.488538"
"postComment","31.56,21.00","2369","33261","2019-02-12 01:32:51.563027"
"getMessages","5.19,23.60","3370","8128","2019-02-12 01:32:51.636036"
"getMessages","3.00,6.20","3475","48260","2019-02-12 01:32:51.710787"
"getMessages","10.06,6.51","7090","4744","2019-02-12 01:32:51.785499"
"getHot","15.89,2.95","8659","21968","2019-02-12 01:32:51.860164"
"getFeed","21.10,7.74","4610","49126","2019-02-12 01:32:51.935521"
"getFeed","15.25,8.27","9495","83275","2019-02-12 01:32:52.011242"
"getHot","14.71,23.22","1967","98813","2019-02-12 01:32:52.086196"
"getHot","21.98,14.12","5569","15971","2019-02-12 01:32:52.160023"
"getHot","26.43,6.75","5938","97112","2019-02-12 01:32:52.234418"
"postMessage","24.27,30.82","8910","20683","2019-02-12 01:32:52.308598"
"getMessages","16.78,21.06","3848","40653","2019-02-12 01:32:52.383864"
"getFeed","19.03,4.69","5595","97303","2019-02-12 01:32:52.458437"
"getMessages","14.16,16.39","9911","65013","2019-02-12 01:32:52.533765"
"getMessages","18.43,13.33","139","36060","2019-02-12 01:32:52.608779"
"postComment","13.09,31.96","5690","8204","2019-02-12 01:32:52.679822"
"getMessages","11.15,6.71","3452","7495","2019-02-12 01:32:52.754492"
"postComment","20.04,1.83","7345","73444","2019-02-12 01:32:52.830999"
"getMessages","6.39,10.90","4144","71265","2019-02-12 01:32:52.905658"
"getMessages","30.24,4.96","7175","87362","2019-02-12 01:32:52.980400"
"postMessage","21.18,28.04","9247","48993","2019-02-12 01:32:53.056812"
"getMessages","21.26,22.97","5900","8660","2019-02-12 01:32:53.131478"
"getComments","1.73,6.16","8919","65483","2019-02-12 01:32:53.206958"
"postComment","27.64,1.28","8241","1927","2019-02-12 01:32:53.281380"
"getMessages","22.21,21.14","7533","53896","2019-02-12 01:32:53.356430"
"postComment","17.23,16.67","9563","30927","2019-02-12 01:32:53.431403"
"getMessages","13.89,2.20","8576","63834","2019-02-12 01:32:53.505991"
"getMessages","6.33,20.91","7707","62290","2019-02-12 01:32:53.582033"
"postMessage","14.93,17.64","9569","80595","2019-02-12 01:32:53.656110"
"getFeed","28.08,1.03","8955","77191","2019-02-12 01:32:53.730550"
"getMessages","9.51,5.56","3314","70357","2019-02-12 01:32:53.801366"
"getMessages","14.75,21.72","8486","9147","2019-02-12 01:32:53.876903"
"postComment","30.05,10.76","151","24676","2019-02-12 01:32:53.951564"
"getMessages","29.32,20.33","3535","21838","2019-02-12 01:32:54.026388"
"getMessages","26.52,4.91","7234","32633","2019-02-12 01:32:54.100946"
"getMessages","29.08,15.83","8765","98888","2019-02-12 01:32:54.176190"
"getFeed","32.29,31.97","5613","59632","2019-02-12 01:32:54.250011"
"getComments","18.84,26.28","5027","20879","2019-02-12 01:32:54.325107"
"postComment","18.59,23.66","3412","51986","2019-02-12 01:32:54.400641"
"getMessages","12.63,9.64","1508","62390","2019-02-12 01:32:54.476296"
"getMessages","19.52,22.54","4269","85990","2019-02-12 01:32:54.552890"
"getFeed","24.30,32.68","2572","53234","2019-02-12 01:32:54.626736"
"postMessage","19.75,12.24","5415","53539","2019-02-12 01:32:54.701037"
"getMessages","11.17,25.20","755","8434","2019-02-12 01:32:54.776504"
"postMessage","10.59,18.18","4895","44128","2019-02-12 01:32:54.851670"
"postMessage","22.48,13.01","1668","69994","2019-02-12 01:32:54.925754"
"getComments","14.81,14.36","117","8852","2019-02-12 01:32:55.001347"
"getMessages","12.98,2.73","7511","50155","2019-02-12 01:32:55.077596"
"postComment","13.66,26.13","6105","78272","2019-02-12 01:32:55.149249"
"getMessages","10.02,7.31","7834","69121","2019-02-12 01:32:55.223679"
"postMessage","16.66,6.41","1160","47818","2019-02-12 01:32:55.298316"
"getMessages","6.84,21.18","5548","603","2019-02-12 01:32:55.373406"
"getMessages","28.73,10.44","6747","2147","2019-02-12 01:32:55.445904"
"getMessages","20.60,29.98","1831","11144","2019-02-12 01:32:55.520334"
"getMessages","17.28,11.51","9941","78464","2019-02-12 01:32:55.593002"
"getComments","9.53,12.80","6360","93259","2019-02-12 01:32:55.668674"
"getFeed","18.25,15.92","931","73761","2019-02-12 01:32:55.744267"
"getFeed","19.66,17.25","595","64989","2019-02-12 01:32:55.818795"
"getMessages","17.80,31.13","1270","9579","2019-02-12 01:32:55.890915"
"getHot","7.60,28.73","1435","24031","2019-02-12 01:32:55.965926"
"getMessages","7.19,31.21","1239","63542","2019-02-12 01:32:56.040358"
"getMessages","31.10,19.82","5153","69898","2019-02-12 01:32:56.115279"
"getComments","22.75,8.17","5768","61447","2019-02-12 01:32:56.190237"
"getMessages","3.58,20.00","2852","91333","2019-02-12 01:32:56.263770"
"postMessage","20.10,7.23","2035","8583","2019-02-12 01:32:56.339625"
"getMessages","24.15,25.90","8109","83467","2019-02-12 01:32:56.414851"
"postComment","3.06,26.43","8637","58693","2019-02-12 01:32:56.490377"
"getMessages","15.42,2.63","2867","24113","2019-02-12 01:32:56.565521"
"getComments","30.87,32.20","8314","21791","2019-02-12 01:32:56.640739"
"postComment","11.36,15.44","2771","40807","2019-02-12 01:32:56.715445"
"getComments","14.45,27.82","8374","39416","2019-02-12 01:32:56.789841"
"getMessages","6.04,28.73","5198","5536","2019-02-12 01:32:56.865434"
"getMessages","10.40,8.32","9372","25778","2019-02-12 01:32:56.940363"
"postComment","24.26,21.55","6538","51513","2019-02-12 01:32:57.016022"
"getMessages","2.06,10.74","4042","86541","2019-02-12 01:32:57.090675"
"getMessages","23.81,1.18","5830","21630","2019-02-12 01:32:57.165966"
"postComment","32.11,9.35","1652","87474","2019-02-12 01:32:57.241735"
"getMessages","15.35,13.24","4685","35298","2019-02-12 01:32:57.316242"
"getMessages","3.26,2.71","422","20260","2019-02-12 01:32:57.391858"
"getFeed","25.19,32.54","9349","85139","2019-02-12 01:32:57.466636"
"getHot","9.62,8.86","3794","28994","2019-02-12 01:32:57.541473"
"getMessages","1.35,6.15","8764","62800","2019-02-12 01:32:57.616464"
"getMessages","19.16,17.93","7138","14900","2019-02-12 01:32:57.691333"
"getHot","10.04,32.15","4283","16603","2019-02-12 01:32:57.766747"
"getMessages","2.04,4.21","7265","650","2019-02-12 01:32:57.842968"
"getHot","4.04,20.06","8956","69367","2019-02-12 01:32:57.911419"
"getComments","30.59,12.42","5202","33405","2019-02-12 01:32:57.986996"
"getMessages","25.55,21.45","7548","32993","2019-02-12 01:32:58.055038"
"postMessage","23.78,22.13","131","97957","2019-02-12 01:32:58.129842"
"postMessage","22.68,25.54","8326","47898","2019-02-12 01:32:58.205689"
"getMessages","9.00,1.74","4916","63597","2019-02-12 01:32:58.279583"
"getMessages","5.04,23.79","5299","92884","2019-02-12 01:32:58.352864"
"getMessages","13.99,28.70","1527","26565","2019-02-12 01:32:58.429308"
"getHot","25.77,10.37","8030","51668","2019-02-12 01:32:58.500098"
"getComments","14.78,27.97","8068","33659","2019-02-12 01:32:58.574794"
"postMessage","23.83,22.48","9324","48503","2019-02-12 01:32:58.646205"
"getMessages","9.79,2.04","9331","20583","2019-02-12 01:32:58.719508"
"postComment","12.80,24.00","9381","95726","2019-02-12 01:32:58.794719"
"getMessages","13.40,17.55","9698","49943","2019-02-12 01:32:58.871098"
"getFeed","24.98,18.39","8907","45713","2019-02-12 01:32:58.946313"
"postComment","13.44,12.75","7847","99509","2019-02-12 01:32:59.022259"
"getMessages","13.19,15.07","9237","45980","2019-02-12 01:32:59.096469"
"getComments","12.98,23.81","7631","53049","2019-02-12 01:32:59.162916"
"getComments","3.95,32.55","4892","28863","2019-02-12 01:32:59.237737"
"getFeed","17.66,32.04","8478","43049","2019-02-12 01:32:59.312901"
"getFeed","31.06,21.50","1760","98263","2019-02-12 01:32:59.386629"
"getComments","26.31,17.44","607","10926","2019-02-12 01:32:59.461841"
"getComments","27.37,7.01","3211","2833","2019-02-12 01:32:59.539107"
"postComment","11.42,1.79","5646","48204","2019-02-12 01:32:59.614562"
"postComment","19.10,30.40","6288","1876","2019-02-12 01:32:59.688670"
"getMessages","24.94,16.73","4057","82492","2019-02-12 01:32:59.763281"
"getHot","16.32,13.56","6801","24536","2019-02-12 01:32:59.833707"
"getMessages","10.72,25.55","5370","43580","2019-02-12 01:32:59.909461"
"getMessages","18.52,3.69","700","51929","2019-02-12 01:32:59.984462"
"postMessage","17.99,15.72","8689","16088","2019-02-12 01:33:00.059035"
"postMessage","23.15,18.52","5718","76758","2019-02-12 01:33:00.133881"
"getMessages","31.01,7.70","9662","91714","2019-02-12 01:33:00.207800"
"postMessage","32.70,13.39","7130","26906","2019-02-12 01:33:00.283654"
"postMessage","12.53,14.28","4411","65187","2019-02-12 01:33:00.357488"
"getMessages","30.14,16.02","7851","51673","2019-02-12 01:33:00.431001"
"getComments","3.24,7.24","3045","53620","2019-02-12 01:33:00.505908"
"postMessage","8.79,21.86","1700","53843","2019-02-12 01:33:00.581047"
"getMessages","8.43,2.37","1702","34290","2019-02-12 01:33:00.655603"
"postMessage","28.85,9.93","6116","41413","2019-02-12 01:33:00.730048"
"getMessages","5.74,27.37","7334","91519","2019-02-12 01:33:00.803800"
"getHot","16.87,14.66","7861","42076","2019-02-12 01:33:00.879112"
"getMessages","28.30,1.67","9765","81818","2019-02-12 01:33:00.954186"
"getHot","30.29,5.23","1269","45554","2019-02-12 01:33:01.030074"
"getFeed","27.05,19.82","549","22313","2019-02-12 01:33:01.105934"
"getMessages","31.83,1.41","2332","38660","2019-02-12 01:33:01.181076"
"getFeed","4.28,7.15","5995","95115","2019-02-12 01:33:01.255845"
"getHot","12.74,19.25","6667","38114","2019-02-12 01:33:01.330457"
"getMessages","29.34,2.67","4739","53988","2019-02-12 01:33:01.403660"
"getMessages","32.29,10.91","1758","93442","2019-02-12 01:33:01.478661"
"postMessage","8.83,11.61","172","32685","2019-02-12 01:33:01.552454"
"getMessages","17.72,19.91","781","10479","2019-02-12 01:33:01.626855"
"getHot","16.21,24.64","6016","22365","2019-02-12 01:33:01.701306"
"getMessages","4.50,27.35","8308","55278","2019-02-12 01:33:01.774912"
"postMessage","23.90,11.80","6538","1956","2019-02-12 01:33:01.848172"
"getHot","27.55,6.80","6498","10802","2019-02-12 01:33:01.924409"
"postMessage","30.17,13.26","7051","52955","2019-02-12 01:33:01.998383"
"getFeed","23.01,32.99","8144","20618","2019-02-12 01:33:02.073107"
"getFeed","7.15,32.64","8579","50390","2019-02-12 01:33:02.147684"
"getMessages","19.71,16.49","6975","84102","2019-02-12 01:33:02.222098"
"getMessages","10.71,32.70","2727","43850","2019-02-12 01:33:02.297206"
"getMessages","16.34,12.28","3347","31672","2019-02-12 01:33:02.371884"
"postMessage","2.77,6.51","9285","12708","2019-02-12 01:33:02.444911"
"getMessages","21.49,14.01","8116","94012","2019-02-12 01:33:02.519217"
"getMessages","17.61,4.71","7196","95048","2019-02-12 01:33:02.594435"
"postMessage","24.49,29.63","5024","64498","2019-02-12 01:33:02.669018"
"postMessage","6.17,13.08","4939","35822","2019-02-12 01:33:02.743812"
"getMessages","13.34,21.29","4409","7261","2019-02-12 01:33:02.816444"
"postMessage","25.56,21.51","7776","13633","2019-02-12 01:33:02.890650"
"getHot","29.71,8.67","6416","48576","2019-02-12 01:33:02.964943"
"postMessage","12.47,27.19","1073","979","2019-02-12 01:33:03.039713"
"getFeed","7.41,11.27","7650","89901","2019-02-12 01:33:03.115047"
"getMessages","4.40,4.29","8433","26777","2019-02-12 01:33:03.189237"
"getFeed","9.95,31.57","5575","14980","2019-02-12 01:33:03.264657"
"getMessages","2.23,11.78","60","32862","2019-02-12 01:33:03.339328"
"getMessages","17.95,9.13","5984","63103","2019-02-12 01:33:03.414521"
"getMessages","25.42,28.09","6621","80030","2019-02-12 01:33:03.489273"
"getMessages","2.51,14.47","7696","55779","2019-02-12 01:33:03.564309"
"getFeed","30.47,29.46","6218","33879","2019-02-12 01:33:03.639844"
"getComments","14.36,15.68","5974","94495","2019-02-12 01:33:03.714643"
"getFeed","32.70,16.55","3841","35802","2019-02-12 01:33:03.789705"
"getComments","27.47,7.18","7881","47212","2019-02-12 01:33:03.862922"
"postMessage","29.93,30.84","7468","88548","2019-02-12 01:33:03.936868"
"postComment","16.68,17.67","6203","78116","2019-02-12 01:33:04.012542"
"getComments","24.45,11.20","9835","91380","2019-02-12 01:33:04.087681"
"getMessages","24.90,25.63","6807","70444","2019-02-12 01:33:04.160655"
"getMessages","14.53,5.38","3932","70472","2019-02-12 01:33:04.233114"
"getFeed","4.87,29.73","1538","46110","2019-02-12 01:33:04.308031"
"getMessages","26.85,9.31","1053","81338","2019-02-12 01:33:04.382047"
"getFeed","3.11,15.02","3843","884","2019-02-12 01:33:04.457053"
"getComments","15.08,31.19","7910","40056","2019-02-12 01:33:04.531624"
"postMessage","22.97,24.35","2680","81475","2019-02-12 01:33:04.608356"
"getFeed","25.53,12.67","6979","36210","2019-02-12 01:33:04.682892"
"getMessages","27.44,14.35","3383","84867","2019-02-12 01:33:04.757500"
"getComments","22.70,16.21","1503","12752","2019-02-12 01:33:04.833407"
"getFeed","31.17,1.22","5639","33345","2019-02-12 01:33:04.908267"
"getFeed","11.41,3.32","769","18002","2019-02-12 01:33:04.982783"
"getHot","17.28,31.67","5805","63604","2019-02-12 01:33:05.057441"
"getHot","11.47,9.28","4803","95482","2019-02-12 01:33:05.133074"
"getMessages","27.74,28.48","3284","12366","2019-02-12 01:33:05.208060"
"getMessages","16.25,4.00","1241","88163","2019-02-12 01:33:05.282892"
"getMessages","27.83,7.37","6640","83878","2019-02-12 01:33:05.353863"
"getMessages","5.58,20.53","653","60688","2019-02-12 01:33:05.427120"
"getMessages","5.38,19.92","3927","71536","2019-02-12 01:33:05.501879"
"getComments","29.58,16.35","5837","16058","2019-02-12 01:33:05.576062"
"getMessages","19.47,2.39","3473","75424","2019-02-12 01:33:05.650110"
"getMessages","18.10,22.73","3050","33678","2019-02-12 01:33:05.725391"
"getHot","20.71,10.18","8710","74116","2019-02-12 01:33:05.799544"
"getMessages","32.87,4.85","2830","70828","2019-02-12 01:33:05.874899"
"getMessages","30.23,19.23","916","91218","2019-02-12 01:33:05.949712"
"getMessages","14.59,23.90","3414","2467","2019-02-12 01:33:06.024518"
"postComment","32.46,11.28","6974","8876","2019-02-12 01:33:06.099608"
"getMessages","13.90,15.84","1052","41813","2019-02-12 01:33:06.174708"
"getMessages","4.95,5.14","6286","89098","2019-02-12 01:33:06.248638"
"getMessages","28.45,21.91","3841","96205","2019-02-12 01:33:06.323788"
"getMessages","29.78,31.47","8270","10274","2019-02-12 01:33:06.399118"
"getMessages","22.92,6.33","1960","45597","2019-02-12 01:33:06.474829"
"getMessages","21.47,3.42","3967","54029","2019-02-12 01:33:06.550008"
"postMessage","9.17,9.46","4838","1401","2019-02-12 01:33:06.624742"
"getMessages","7.95,19.37","3277","4449","2019-02-12 01:33:06.700046"
"postMessage","25.74,32.81","6139","42944","2019-02-12 01:33:06.774690"
"getComments","2.56,11.71","6496","42133","2019-02-12 01:33:06.847949"
"getHot","20.34,22.42","8536","68771","2019-02-12 01:33:06.922588"
"getMessages","22.55,9.76","3316","2159","2019-02-12 01:33:06.998125"
"getMessages","7.35,9.07","695","90031","2019-02-12 01:33:07.072047"
"getMessages","17.20,11.58","4862","57629","2019-02-12 01:33:07.146205"
"getFeed","7.87,19.76","4446","67901","2019-02-12 01:33:07.221279"
"getMessages","15.14,15.06","3923","56375","2019-02-12 01:33:07.295898"
"postMessage","19.71,31.33","9716","81604","2019-02-12 01:33:07.371801"
"getComments","5.53,26.56","4796","88126","2019-02-12 01:33:07.447009"
"postComment","28.11,22.10","4912","58703","2019-02-12 01:33:07.521940"
"getMessages","22.42,9.52","3943","34675","2019-02-12 01:33:07.594868"
"getHot","13.27,29.07","2732","16002","2019-02-12 01:33:07.670639"
"getMessages","14.28,12.82","2968","33310","2019-02-12 01:33:07.746097"
"getMessages","14.25,25.70","7004","78664","2019-02-12 01:33:07.816477"
"getMessages","7.91,28.03","3669","41740","2019-02-12 01:33:07.891796"
"getComments","21.15,10.50","8950","29865","2019-02-12 01:33:07.967234"
"postMessage","12.84,12.81","3695","19219","2019-02-12 01:33:08.042962"
"postMessage","21.69,1.03","2991","39641","2019-02-12 01:33:08.116861"
"getMessages","5.05,4.38","4085","58969","2019-02-12 01:33:08.192038"
"postMessage","17.68,23.89","6388","40686","2019-02-12 01:33:08.267398"
"postMessage","22.09,30.19","706","63174","2019-02-12 01:33:08.343087"
"getHot","17.68,10.39","8150","70532","2019-02-12 01:33:08.418499"
"postMessage","4.70,20.65","3576","63354","2019-02-12 01:33:08.493132"
"getMessages","1.09,4.20","2214","3732","2019-02-12 01:33:08.568028"
"getMessages","1.95,6.88","3429","24895","2019-02-12 01:33:08.642518"
"getMessages","32.00,28.73","9701","59701","2019-02-12 01:33:08.717484"
"getMessages","23.59,15.74","9361","98192","2019-02-12 01:33:08.792529"
"getMessages","27.15,3.16","150","21154","2019-02-12 01:33:08.866878"
"postComment","3.84,23.92","3743","74092","2019-02-12 01:33:08.942529"
"getFeed","17.97,19.41","6004","33365","2019-02-12 01:33:09.017717"
"postMessage","9.08,9.68","8284","69420","2019-02-12 01:33:09.092510"
"getMessages","27.64,1.36","9131","16066","2019-02-12 01:33:09.166750"
"getFeed","11.06,30.83","8159","97351","2019-02-12 01:33:09.240683"
"getHot","25.12,15.01","4957","61082","2019-02-12 01:33:09.314997"
"getMessages","18.13,2.35","6978","74893","2019-02-12 01:33:09.388195"
"postMessage","20.94,24.66","6069","91911","2019-02-12 01:33:09.463804"
"getHot","29.60,29.12","9956","15276","2019-02-12 01:33:09.539536"
"getMessages","5.28,3.61","4527","30539","2019-02-12 01:33:09.615040"
"postMessage","9.78,28.67","1778","97415","2019-02-12 01:33:09.689910"
"getComments","22.01,6.74","4051","50076","2019-02-12 01:33:09.763314"
"postMessage","17.65,10.78","3761","3808","2019-02-12 01:33:09.838285"
"getFeed","17.42,30.68","4806","13561","2019-02-12 01:33:09.914955"
"postMessage","8.30,28.51","4214","71009","2019-02-12 01:33:09.989712"
"getMessages","7.22,1.83","8275","6591","2019-02-12 01:33:10.064778"
"getFeed","26.61,12.34","8127","32892","2019-02-12 01:33:10.139690"
"getMessages","20.45,21.36","7255","54662","2019-02-12 01:33:10.215890"
"postMessage","21.50,31.23","310","74362","2019-02-12 01:33:10.289207"
"getHot","14.64,21.76","2145","14916","2019-02-12 01:33:10.363890"
"getComments","6.15,3.50","90","7056","2019-02-12 01:33:10.438854"
"getMessages","3.79,25.14","3593","33172","2019-02-12 01:33:10.514629"
"getComments","9.36,3.42","8221","28808","2019-02-12 01:33:10.589258"
"getHot","25.44,21.52","3523","94949","2019-02-12 01:33:10.664619"
"getMessages","1.07,15.55","7295","82828","2019-02-12 01:33:10.739820"
"getMessages","15.72,5.30","6543","95820","2019-02-12 01:33:10.815045"
"getComments","18.43,15.01","4863","64691","2019-02-12 01:33:10.888288"
"getFeed","17.19,16.14","9901","90445","2019-02-12 01:33:10.962374"
"postMessage","6.21,12.14","4986","62732","2019-02-12 01:33:11.037306"
"postMessage","31.39,1.02","8026","45991","2019-02-12 01:33:11.111379"
"getFeed","27.55,4.39","2871","45372","2019-02-12 01:33:11.180406"
"getMessages","3.34,24.44","40","85642","2019-02-12 01:33:11.255356"
"getHot","26.10,30.69","8711","81466","2019-02-12 01:33:11.330808"
"postMessage","16.74,27.57","4153","28045","2019-02-12 01:33:11.403961"
"getMessages","15.86,3.94","8601","42275","2019-02-12 01:33:11.478158"
"postMessage","13.01,23.85","3841","10714","2019-02-12 01:33:11.553415"
"postMessage","17.41,7.91","2576","93822","2019-02-12 01:33:11.628661"
"getMessages","9.01,13.39","5096","87363","2019-02-12 01:33:11.704129"
"postMessage","28.88,14.78","2814","23989","2019-02-12 01:33:11.778554"
"getComments","13.48,18.77","1805","84545","2019-02-12 01:33:11.851953"
"getMessages","12.13,12.78","1879","66373","2019-02-12 01:33:11.926860"
"getComments","22.97,23.81","6874","7746","2019-02-12 01:33:12.002481"
"postMessage","5.62,27.09","3022","27428","2019-02-12 01:33:12.079191"
"postComment","32.01,6.96","2803","2144","2019-02-12 01:33:12.153752"
"getHot","9.58,23.85","6402","59905","2019-02-12 01:33:12.228260"
"postComment","3.41,17.52","3288","20080","2019-02-12 01:33:12.302877"
"postComment","25.24,27.14","4293","57748","2019-02-12 01:33:12.377934"
"getComments","16.88,5.91","4891","27872","2019-02-12 01:33:12.450820"
"getMessages","25.41,13.36","3397","73504","2019-02-12 01:33:12.525390"
"getMessages","6.11,3.34","9257","67780","2019-02-12 01:33:12.599847"
"getMessages","6.57,21.87","3015","86116","2019-02-12 01:33:12.674250"
"getMessages","8.74,23.26","8083","62927","2019-02-12 01:33:12.747884"
"getFeed","21.89,29.93","3311","10534","2019-02-12 01:33:12.821848"
"postMessage","30.08,12.13","8401","67463","2019-02-12 01:33:12.896003"
"getMessages","18.58,3.56","5026","60344","2019-02-12 01:33:12.969046"
"getMessages","4.82,32.93","1089","83983","2019-02-12 01:33:13.044497"
"getHot","31.91,23.12","5758","28230","2019-02-12 01:33:13.112298"
"postMessage","5.86,29.42","1952","50956","2019-02-12 01:33:13.185241"
"getFeed","5.85,2.68","5581","81613","2019-02-12 01:33:13.258756"
"getMessages","28.14,6.97","9950","62292","2019-02-12 01:33:13.332774"
"getHot","21.35,26.40","9582","36314","2019-02-12 01:33:13.407392"
"getMessages","26.17,28.98","929","60891","2019-02-12 01:33:13.479001"
"getHot","25.64,27.85","6931","71389","2019-02-12 01:33:13.554817"
"getMessages","8.87,29.72","8303","92393","2019-02-12 01:33:13.630163"
"getHot","22.09,22.41","4235","76982","2019-02-12 01:33:13.705847"
"getMessages","12.89,13.61","8893","68579","2019-02-12 01:33:13.779877"
"getMessages","31.35,27.92","2787","11764","2019-02-12 01:33:13.854270"
"getHot","23.72,7.47","1321","41430","2019-02-12 01:33:13.928109"
"getComments","27.20,11.39","4553","45000","2019-02-12 01:33:14.002768"
"postMessage","24.60,6.96","9630","29875","2019-02-12 01:33:14.076359"
"getHot","16.05,9.66","3422","91244","2019-02-12 01:33:14.150502"
"getMessages","17.94,10.78","6223","83328","2019-02-12 01:33:14.225089"
"postMessage","4.00,23.69","4043","91734","2019-02-12 01:33:14.302125"
"getFeed","5.89,22.61","992","97248","2019-02-12 01:33:14.375447"
"getMessages","28.38,10.17","5873","35021","2019-02-12 01:33:14.450834"
"getMessages","22.06,15.54","6251","95653","2019-02-12 01:33:14.521691"
"getMessages","27.07,1.59","5452","70395","2019-02-12 01:33:14.596749"
"getComments","9.28,24.11","7498","201","2019-02-12 01:33:14.671610"
"getComments","6.06,12.77","1388","8278","2019-02-12 01:33:14.746894"
"getMessages","26.29,32.96","5257","68884","2019-02-12 01:33:14.822109"
"getMessages","17.03,25.35","278","35782","2019-02-12 01:33:14.897051"
"getMessages","32.06,3.06","6616","12356","2019-02-12 01:33:14.972232"
"getMessages","17.07,30.64","4639","718","2019-02-12 01:33:15.045636"
"getMessages","11.83,28.37","5259","62214","2019-02-12 01:33:15.118479"
"getMessages","32.84,5.75","9934","4501","2019-02-12 01:33:15.193034"
"postMessage","25.05,30.01","632","9271","2019-02-12 01:33:15.267501"
"getMessages","26.05,4.91","3729","16424","2019-02-12 01:33:15.342369"
"getMessages","32.83,7.55","35","71503","2019-02-12 01:33:15.417042"
"postMessage","22.06,30.65","413","17044","2019-02-12 01:33:15.492128"
"getFeed","27.03,32.09","7984","15160","2019-02-12 01:33:15.567161"
"postComment","16.50,11.12","4551","91853","2019-02-12 01:33:15.642176"
"getMessages","13.95,5.28","7501","93154","2019-02-12 01:33:15.716893"
"getMessages","6.85,18.35","5816","92657","2019-02-12 01:33:15.792570"
"postComment","21.04,4.67","3575","55735","2019-02-12 01:33:15.867646"
"getMessages","26.69,6.00","1327","99624","2019-02-12 01:33:15.942571"
"getHot","11.46,24.27","1351","82460","2019-02-12 01:33:16.017538"
"getHot","13.70,2.96","6919","20134","2019-02-12 01:33:16.092452"
"getMessages","5.30,27.58","2012","3945","2019-02-12 01:33:16.167855"
"postMessage","16.50,3.00","8807","8877","2019-02-12 01:33:16.243323"
"getMessages","4.22,23.38","5286","23957","2019-02-12 01:33:16.318416"
"getFeed","10.61,19.78","7363","37073","2019-02-12 01:33:16.392916"
"postComment","8.02,16.60","7701","13225","2019-02-12 01:33:16.468684"
"getHot","32.77,5.51","9071","81922","2019-02-12 01:33:16.543038"
"postMessage","3.13,14.67","2939","60860","2019-02-12 01:33:16.617444"
"getMessages","6.89,10.71","4946","46539","2019-02-12 01:33:16.692324"
"getHot","30.24,19.32","680","8660","2019-02-12 01:33:16.767617"
"getFeed","1.29,9.60","6540","63995","2019-02-12 01:33:16.842834"
"getMessages","6.06,9.03","483","22702","2019-02-12 01:33:16.918019"
"getMessages","22.15,13.15","8877","91534","2019-02-12 01:33:16.993039"
"getMessages","24.85,12.24","8024","57085","2019-02-12 01:33:17.068407"
"postComment","9.57,29.84","3189","11672","2019-02-12 01:33:17.143381"
"getFeed","19.04,3.55","4693","2824","2019-02-12 01:33:17.218235"
"getMessages","32.57,16.23","1250","25733","2019-02-12 01:33:17.293179"
"getMessages","11.23,23.57","7851","64250","2019-02-12 01:33:17.367547"
"postMessage","5.38,8.25","5572","78866","2019-02-12 01:33:17.442973"
"getComments","5.83,4.75","3155","59647","2019-02-12 01:33:17.515176"
"getMessages","26.60,16.59","3606","89926","2019-02-12 01:33:17.589588"
"postComment","12.34,6.07","2563","79758","2019-02-12 01:33:17.664251"
"getFeed","26.50,4.59","1104","51823","2019-02-12 01:33:17.740876"
"getHot","29.39,29.74","2627","26777","2019-02-12 01:33:17.815442"
"postMessage","17.39,21.92","6371","95596","2019-02-12 01:33:17.888816"
"getHot","23.32,17.97","5507","83966","2019-02-12 01:33:17.962181"
"getMessages","31.03,16.45","4634","92987","2019-02-12 01:33:18.034994"
"postMessage","12.08,31.60","2487","84397","2019-02-12 01:33:18.110849"
"getMessages","12.34,28.63","8398","84280","2019-02-12 01:33:18.186061"
"postComment","27.46,9.71","5336","91975","2019-02-12 01:33:18.260930"
"getHot","7.99,8.12","9110","49199","2019-02-12 01:33:18.335749"
"getComments","11.57,20.51","7271","64172","2019-02-12 01:33:18.410604"
"getMessages","24.46,31.04","843","13152","2019-02-12 01:33:18.482881"
"getFeed","28.79,28.90","571","18572","2019-02-12 01:33:18.557251"
"getHot","14.85,23.09","2801","44256","2019-02-12 01:33:18.630147"
"getComments","8.06,21.05","7793","53890","2019-02-12 01:33:18.703127"
"getFeed","26.38,11.10","1683","79194","2019-02-12 01:33:18.778143"
"postComment","8.94,19.86","809","81608","2019-02-12 01:33:18.848680"
"getMessages","25.19,28.93","4505","17306","2019-02-12 01:33:18.921648"
"getFeed","3.05,25.08","1397","22252","2019-02-12 01:33:18.994685"
"postMessage","11.91,15.16","2982","58986","2019-02-12 01:33:19.059994"
"getMessages","6.74,12.89","6087","48347","2019-02-12 01:33:19.134792"
"postComment","2.34,16.73","2963","27020","2019-02-12 01:33:19.208925"
"getMessages","29.71,20.90","5856","6965","2019-02-12 01:33:19.283804"
"getComments","16.63,2.95","4778","1734","2019-02-12 01:33:19.358190"
"postMessage","13.40,32.41","1236","44702","2019-02-12 01:33:19.432741"
"getMessages","22.67,8.68","3935","44868","2019-02-12 01:33:19.506467"
"getFeed","32.85,20.12","9329","98778","2019-02-12 01:33:19.581048"
"getFeed","32.79,6.39","4868","43244","2019-02-12 01:33:19.658595"
"postComment","27.57,27.99","5019","27309","2019-02-12 01:33:19.732523"
"postMessage","6.14,29.43","7868","48490","2019-02-12 01:33:19.807098"
"getFeed","13.97,30.07","5050","25186","2019-02-12 01:33:19.882729"
"getMessages","32.97,25.83","4484","99801","2019-02-12 01:33:19.958030"
"postComment","22.39,31.60","5318","18920","2019-02-12 01:33:20.033435"
"getHot","31.38,8.11","5082","49517","2019-02-12 01:33:20.108415"
"getComments","6.22,9.38","6498","7414","2019-02-12 01:33:20.183120"
"postMessage","8.77,21.29","9646","86062","2019-02-12 01:33:20.259031"
"postComment","8.75,18.39","9525","13668","2019-02-12 01:33:20.333262"
"getMessages","25.20,10.72","2786","7126","2019-02-12 01:33:20.409189"
"getMessages","32.20,20.10","4556","76182","2019-02-12 01:33:20.483577"
"getMessages","1.00,5.28","9813","85263","2019-02-12 01:33:20.557797"
"getFeed","28.18,4.55","4737","3095","2019-02-12 01:33:20.632143"
"postComment","8.62,7.58","2401","3668","2019-02-12 01:33:20.706536"
"getMessages","14.86,20.83","4852","84238","2019-02-12 01:33:20.781791"
"getMessages","17.02,11.90","8133","67699","2019-02-12 01:33:20.857637"
"getHot","6.92,6.02","3032","48547","2019-02-12 01:33:20.932433"
"postMessage","5.95,7.03","2088","71363","2019-02-12 01:33:21.007573"
"getMessages","7.13,18.14","9167","5497","2019-02-12 01:33:21.082755"
"getHot","8.28,25.35","3502","16311","2019-02-12 01:33:21.158524"
"getMessages","3.36,27.94","1066","618","2019-02-12 01:33:21.229602"
"getHot","20.35,15.80","4955","56399","2019-02-12 01:33:21.306602"
"postMessage","9.03,32.42","6035","18526","2019-02-12 01:33:21.380094"
"getMessages","7.47,18.11","3720","51735","2019-02-12 01:33:21.453436"
"postMessage","28.98,3.00","9504","2560","2019-02-12 01:33:21.528933"
"getMessages","10.10,25.57","4797","47401","2019-02-12 01:33:21.604278"
"getMessages","4.90,4.20","5776","54949","2019-02-12 01:33:21.677895"
"postMessage","28.92,32.08","2341","31119","2019-02-12 01:33:21.749556"
"postMessage","21.28,2.78","1611","16468","2019-02-12 01:33:21.825057"
"postComment","7.15,27.03","9430","14293","2019-02-12 01:33:21.900164"
"getFeed","7.71,26.78","9962","41913","2019-02-12 01:33:21.975566"
"postMessage","12.11,25.75","6490","26783","2019-02-12 01:33:22.050684"
"getMessages","23.82,28.16","630","90276","2019-02-12 01:33:22.125456"
"getComments","21.00,10.49","5067","47764","2019-02-12 01:33:22.196918"
"getComments","19.04,21.45","2992","86372","2019-02-12 01:33:22.271560"
"getMessages","32.33,10.43","9147","83439","2019-02-12 01:33:22.344590"
"postMessage","20.22,32.32","2412","37873","2019-02-12 01:33:22.418849"
"getMessages","22.32,17.63","2437","57782","2019-02-12 01:33:22.494549"
"getMessages","24.47,29.19","7468","68094","2019-02-12 01:33:22.564816"
"postComment","31.72,31.62","908","46853","2019-02-12 01:33:22.639107"
"getMessages","22.19,31.29","7169","40187","2019-02-12 01:33:22.713622"
"getFeed","25.22,27.71","3528","47678","2019-02-12 01:33:22.788336"
"getMessages","29.29,3.68","2740","37603","2019-02-12 01:33:22.862881"
"postMessage","5.33,9.44","9641","72596","2019-02-12 01:33:22.938504"
"getMessages","3.44,22.41","9032","68766","2019-02-12 01:33:23.013685"
"getHot","8.07,31.47","5835","58214","2019-02-12 01:33:23.089133"
"postMessage","27.57,1.21","6799","60197","2019-02-12 01:33:23.164117"
"postComment","11.17,1.34","5655","12532","2019-02-12 01:33:23.239759"
"getMessages","9.52,31.36","1911","23320","2019-02-12 01:33:23.314381"
"postComment","11.74,14.48","742","73244","2019-02-12 01:33:23.388811"
"getMessages","22.80,32.76","8380","499","2019-02-12 01:33:23.464781"
"postMessage","27.39,21.90","8955","79132","2019-02-12 01:33:23.539906"
"postMessage","22.10,6.43","7207","27839","2019-02-12 01:33:23.614358"
"postComment","19.20,9.91","2163","85202","2019-02-12 01:33:23.688976"
"getMessages","7.05,27.76","4532","36050","2019-02-12 01:33:23.762447"
"postMessage","27.34,17.11","4412","10440","2019-02-12 01:33:23.836554"
"postMessage","24.25,25.47","262","93425","2019-02-12 01:33:23.912025"
"getMessages","18.74,27.01","3063","50113","2019-02-12 01:33:23.985816"
"getMessages","4.26,16.58","1609","8264","2019-02-12 01:33:24.060251"
"getMessages","7.52,22.93","5554","50149","2019-02-12 01:33:24.133477"
"postMessage","2.70,10.09","9960","89324","2019-02-12 01:33:24.208859"
"postMessage","17.13,23.66","3851","79694","2019-02-12 01:33:24.284423"
"postMessage","6.30,19.12","7271","28332","2019-02-12 01:33:24.360685"
"postComment","31.72,24.51","7714","8748","2019-02-12 01:33:24.434586"
"getComments","7.27,1.56","4194","12682","2019-02-12 01:33:24.509714"
"getComments","32.82,3.38","3735","40371","2019-02-12 01:33:24.584421"
"postMessage","6.18,19.33","4967","53943","2019-02-12 01:33:24.660947"
"postMessage","4.45,12.54","9764","52616","2019-02-12 01:33:24.735628"
"getMessages","22.97,30.90","4389","16584","2019-02-12 01:33:24.810365"
"getMessages","12.86,15.41","8068","31191","2019-02-12 01:33:24.882952"
"getMessages","12.03,23.66","1190","97071","2019-02-12 01:33:24.956583"
"getHot","14.18,15.85","3288","3873","2019-02-12 01:33:25.032045"
"getFeed","30.84,31.62","8115","75417","2019-02-12 01:33:25.106898"
"getMessages","14.24,21.60","2219","94813","2019-02-12 01:33:25.181351"
"getFeed","25.49,11.81","9641","95979","2019-02-12 01:33:25.254378"
"getMessages","2.27,23.18","8453","88229","2019-02-12 01:33:25.326012"
"postComment","15.87,20.04","6055","78536","2019-02-12 01:33:25.401181"
"getMessages","6.49,19.96","645","67925","2019-02-12 01:33:25.476420"
"postMessage","22.30,31.32","2303","98926","2019-02-12 01:33:25.551687"
"postComment","2.46,14.88","5490","1456","2019-02-12 01:33:25.626428"
"getFeed","13.40,19.31","7211","81152","2019-02-12 01:33:25.701173"
"getMessages","27.48,25.75","1130","51221","2019-02-12 01:33:25.774319"
"getFeed","5.24,25.76","6299","24066","2019-02-12 01:33:25.846179"
"getFeed","20.81,27.22","8643","2090","2019-02-12 01:33:25.920164"
"getMessages","22.57,11.22","4384","86491","2019-02-12 01:33:25.994953"
"getHot","25.43,8.46","692","34821","2019-02-12 01:33:26.065132"
"getMessages","21.68,19.26","7171","70294","2019-02-12 01:33:26.138731"
"postComment","10.74,9.48","1944","51590","2019-02-12 01:33:26.212444"
"getMessages","5.71,7.82","4491","8663","2019-02-12 01:33:26.285693"
"getMessages","9.28,10.13","8015","22932","2019-02-12 01:33:26.360754"
"getMessages","3.79,27.49","5645","69950","2019-02-12 01:33:26.435502"
"getMessages","10.46,26.89","2794","83138","2019-02-12 01:33:26.509482"
"getMessages","9.17,7.91","8851","47736","2019-02-12 01:33:26.583384"
"getComments","5.83,32.17","8265","10779","2019-02-12 01:33:26.658475"
"getMessages","9.85,11.64","5440","17468","2019-02-12 01:33:26.729326"
"getMessages","13.00,27.01","9572","27612","2019-02-12 01:33:26.801869"
"getFeed","27.84,15.16","3459","90385","2019-02-12 01:33:26.877045"
"postMessage","25.92,22.88","1504","40946","2019-02-12 01:33:26.951629"
"postMessage","12.03,25.09","1105","5660","2019-02-12 01:33:27.025575"
